name,height (inches),weight (pounds)
Youyang,64,100
Jeeyong,72,154
Annie-Rae,63,125
Hal,66,130
Melanie,67,120
Yo Han,71,190
Desmond,70,170
Aditya,73,160
Aliva,64,135
Rolando,69,140
Cheryl,63,110
Quan,71,145
Shannon,69,120
Dongwon,72,160
Kihwan,70,172
Yasemen,67,115
Mary-Anna,63,120
Lilia,62,110
David,75,208
Jennifer,68,125
John Hilton,70,165
Alana,63,125
Debika,63,130
Iris,65,120
Vanessa,74,170
Anneliese,64,120
Clarice,65,130
Cinque,64,112
Jesslyn,65,117
Jazalyn,64,160
Rodrigue,68,165
Tyran,70,140
Ruchir,68,165
Spencer,72,165
Byung Guk,71.5,168
Serge,70,140
Ron,67,140
Biao,71,140
Zsolt,72,135
Malcolm,69,120
Ronald,68,150
Corrie,61,120
Kalena,65,130
Lyndzey,63,120
Christina,62,120
Chirley,60,100
Jung-Bin,70,140
Bettina,70,160
Camila,65,132
Bernard,72,175
Aamir,67,167
Ramaldo,69,140
Gokulakrishnan,70,172
Alain,70,185
Sebastien,71,168
Dwayne,70,180
Daryll,69,170
Marcos,70,150
In-Ho,70,170
Karthekeyan,71,144
Fnu,66,140
Nikhil,67,175
N'Guessan,67,165
Yannick,72,175
Martina,67,150
Teetat,70,130
Jade,67,115
Harshal,70,159
Mun Lun,70,150
Baotrang,70,140
Ramazan,65,140
Sherazad,64,135
Samson,63,120
Prajakta,70,140
Phil,70,145
Mickael,70,140
Simon,71,160
Giancarlo,71,145
Ashwin Kumar,71,150
Waleed,67,160
Cesar,70,155
Ushnik,69,140
Hassan,70,145
Milson,72,166
Shitong,69,150
